order_id,order_date_key,customer_key,product_key,location_key,quantity,unit_price,discount_amount,shipping_cost,revenue,order_status
ORD-000001,20220505,861,397,839,12,1213.23,150.68,37.82,14408.08,Shipped
ORD-000002,20230428,488,307,81,17,630.85,101.35,43.34,10623.1,Delivered
ORD-000003,20260628,586,694,636,13,1354.65,290.29,25.11,17320.16,Cancelled
ORD-000004,20230310,828,198,130,5,184.82,41.98,8.64,882.12,Returned
ORD-000005,20250708,152,855,610,2,637.95,189.14,21.77,1086.76,Returned
ORD-000006,20250213,407,566,334,9,483.03,105.36,40.37,4241.91,Shipped
ORD-000007,20250418,536,801,430,9,781.93,215.15,0.62,6822.22,Delivered
ORD-000008,20220725,948,109,577,4,624.59,27.77,29.4,2470.59,Pending
ORD-000009,20230625,393,671,498,4,1179.69,307.01,44.01,4411.75,Cancelled
ORD-000010,20250531,698,711,412,19,915.4,10.29,13.77,17382.31,Shipped
ORD-000011,20240831,943,276,919,2,596.71,157.34,34.53,1036.08,Shipped
ORD-000012,20241003,879,713,702,12,35.25,8.64,15.15,414.36,Delivered
ORD-000013,20260505,846,329,276,4,1458.88,99.77,15.02,5735.75,Delivered
ORD-000014,20240413,759,497,778,14,909.44,24.36,22.09,12707.8,Cancelled
ORD-000015,20230930,727,519,414,17,1301.45,320.55,25.76,21804.1,Shipped
ORD-000016,20230216,858,60,256,5,1171.87,184.32,28.43,5675.03,Shipped
ORD-000017,20260814,476,518,407,2,687.39,189.31,35.23,1185.47,Delivered
ORD-000018,20240829,601,565,359,4,1023.36,74.28,24.44,4019.16,Delivered
ORD-000019,20230807,29,396,51,12,249.45,66.94,37.45,2926.46,Delivered
ORD-000020,20230407,694,212,276,6,1281.46,299.8,10.72,7388.96,Shipped
ORD-000021,20240828,934,136,663,14,772.36,200.34,48.36,10612.7,Delivered
ORD-000022,20230918,730,991,727,6,903.71,2.29,12.62,5419.97,Pending
ORD-000023,20240813,310,694,534,9,638.59,72.12,17.44,5675.19,Delivered
ORD-000024,20240206,575,663,609,20,598.74,18.38,25.58,11956.42,Delivered
ORD-000025,20230721,656,333,883,20,427.6,87.8,24.09,8464.2,Delivered
ORD-000026,20221104,530,784,247,9,395.41,84.35,44.62,3474.34,Delivered
ORD-000027,20251026,144,739,27,2,1209.12,291.05,30.0,2127.19,Delivered
ORD-000028,20220314,598,726,586,16,1496.22,116.45,20.93,23823.07,Delivered
ORD-000029,20240901,929,964,688,7,518.03,110.86,34.32,3515.35,Delivered
ORD-000030,20230106,301,100,483,12,763.44,193.63,42.03,8967.65,Cancelled
ORD-000031,20251024,922,344,671,5,1112.67,242.07,27.95,5321.28,Cancelled
ORD-000032,20231110,381,267,600,3,337.27,22.6,43.57,989.21,Delivered
ORD-000033,20250403,967,636,73,10,698.32,24.67,2.68,6958.53,Delivered
ORD-000034,20230904,424,56,892,16,1334.69,200.39,43.37,21154.65,Delivered
ORD-000035,20240726,147,324,884,5,210.36,12.64,20.46,1039.16,Delivered
ORD-000036,20250723,60,5,463,6,1169.52,171.07,31.55,6846.05,Shipped
ORD-000037,20260528,782,799,91,9,318.03,73.8,28.81,2788.47,Shipped
ORD-000038,20240225,5,39,547,5,923.65,175.54,20.17,4442.71,Returned
ORD-000039,20241223,196,19,693,7,1097.34,312.76,44.6,7368.62,Pending
ORD-000040,20220922,106,393,516,1,941.9,70.31,34.68,871.59,Delivered
ORD-000041,20240722,746,533,611,19,462.64,9.06,2.29,8781.1,Cancelled
ORD-000042,20240930,368,769,193,17,510.06,135.88,49.77,8535.14,Delivered
ORD-000043,20260129,135,217,752,6,1422.39,391.81,20.17,8142.53,Shipped
ORD-000044,20220318,385,898,656,1,886.59,44.95,18.33,841.64,Delivered
ORD-000045,20220810,670,857,21,9,1158.02,216.48,29.7,10205.7,Shipped
ORD-000046,20240829,719,157,211,2,1036.18,129.56,19.01,1942.8,Delivered
ORD-000047,20250525,718,141,429,1,455.17,90.35,33.12,364.82,Delivered
ORD-000048,20241016,204,624,205,4,769.82,142.65,14.14,2936.63,Pending
ORD-000049,20221125,41,562,509,9,1248.09,364.36,17.9,10868.45,Delivered
ORD-000050,20220702,929,114,856,7,1033.86,149.08,11.73,7087.94,Shipped
ORD-000051,20260121,741,104,927,19,1005.19,44.98,4.5,19053.63,Delivered
ORD-000052,20220413,103,833,179,9,968.28,132.68,48.86,8581.84,Delivered
ORD-000053,20220826,98,872,777,2,1279.11,138.23,33.84,2419.99,Delivered
ORD-000054,20240615,979,637,275,2,19.46,0.81,32.36,38.11,Delivered
ORD-000055,20240723,279,856,395,3,562.07,57.79,5.69,1628.42,Delivered
ORD-000056,20251126,744,61,966,16,1200.85,233.75,39.85,18979.85,Shipped
ORD-000057,20240616,186,626,389,6,160.05,43.75,24.13,916.55,Delivered
ORD-000058,20220925,495,943,500,12,918.98,237.81,44.0,10789.95,Delivered
ORD-000059,20220126,722,890,695,4,1331.95,176.09,3.17,5151.71,Delivered
ORD-000060,20251003,895,347,532,17,1152.46,199.37,28.25,19392.45,Returned
ORD-000061,20240913,355,680,693,17,1033.92,191.76,21.64,17384.88,Delivered
ORD-000062,20220124,659,957,161,13,227.24,56.34,44.6,2897.78,Delivered
ORD-000063,20241003,329,247,339,17,1274.02,325.59,43.47,21332.75,Shipped
ORD-000064,20230427,81,471,455,9,80.27,5.36,32.17,717.07,Delivered
ORD-000065,20241015,764,670,19,19,674.91,173.44,22.35,12649.85,Shipped
ORD-000066,20260610,619,987,634,4,608.14,6.54,27.45,2426.02,Pending
ORD-000067,20231130,373,846,56,10,1335.72,225.34,32.73,13131.86,Delivered
ORD-000068,20260107,673,373,734,8,1267.25,126.21,38.37,10011.79,Delivered
ORD-000069,20260827,649,988,820,15,175.46,39.97,11.09,2591.93,Delivered
ORD-000070,20241005,144,842,735,10,823.8,92.4,5.32,8145.6,Cancelled
ORD-000071,20240315,221,469,845,14,164.91,30.22,9.38,2278.52,Cancelled
ORD-000072,20251008,603,127,791,7,1076.6,34.81,20.72,7501.39,Cancelled
ORD-000073,20220109,544,754,50,15,688.79,121.77,25.21,10210.08,Returned
ORD-000074,20221229,709,593,178,18,1403.29,353.13,24.15,24906.09,Delivered
ORD-000075,20240227,429,624,938,5,159.81,31.52,30.31,767.53,Delivered
ORD-000076,20221001,142,423,617,8,414.03,119.69,48.52,3192.55,Delivered
ORD-000077,20250207,648,223,206,17,451.88,95.1,43.04,7586.86,Delivered
ORD-000078,20251225,666,999,982,7,938.13,81.78,17.26,6485.13,Delivered
ORD-000079,20231223,576,492,597,6,758.32,157.95,16.12,4391.97,Shipped
ORD-000080,20241229,293,899,868,19,1414.3,301.3,33.71,26570.4,Cancelled
ORD-000081,20251004,58,205,274,14,1213.42,190.29,1.26,16797.59,Shipped
ORD-000082,20260526,303,209,772,6,1475.38,302.48,7.32,8549.8,Shipped
ORD-000083,20260223,576,886,230,18,53.3,13.02,5.12,946.38,Cancelled
ORD-000084,20251120,681,49,949,18,586.39,89.88,39.84,10465.14,Delivered
ORD-000085,20250204,56,14,762,13,584.39,167.73,48.79,7429.34,Delivered
ORD-000086,20230407,934,649,722,9,308.62,80.44,43.02,2697.14,Delivered
ORD-000087,20230201,302,460,182,12,1133.89,185.94,30.17,13420.74,Pending
ORD-000088,20240527,286,570,271,3,284.53,14.83,25.69,838.76,Delivered
ORD-000089,20221114,41,158,951,5,245.59,62.33,0.28,1165.62,Delivered
ORD-000090,20230909,503,809,587,11,897.34,208.27,31.27,9662.47,Pending
ORD-000091,20230112,534,70,806,18,540.34,127.09,15.89,9599.03,Shipped
ORD-000092,20230313,680,340,340,17,243.26,39.63,20.17,4095.79,Delivered
ORD-000093,20250223,844,771,665,12,443.89,126.55,30.91,5200.13,Delivered
ORD-000094,20250626,250,982,41,1,176.51,18.32,12.02,158.19,Delivered
ORD-000095,20260122,290,26,934,11,575.15,137.38,5.67,6189.27,Delivered
ORD-000096,20220331,304,920,668,17,1234.05,138.82,40.14,20840.03,Delivered
ORD-000097,20260503,551,547,8,7,483.87,11.95,4.8,3375.14,Returned
ORD-000098,20220801,211,551,849,3,320.12,60.46,10.66,899.9,Delivered
ORD-000099,20240729,735,340,39,14,971.61,273.92,37.34,13328.62,Shipped
ORD-000100,20260810,234,933,265,3,114.51,6.11,12.6,337.42,Shipped
ORD-000101,20251010,122,548,7,14,585.11,110.62,21.65,8080.92,Shipped
ORD-000102,20240103,951,515,109,20,99.54,22.28,2.28,1968.52,Pending
ORD-000103,20240615,391,405,842,10,1181.4,106.8,4.33,11707.2,Pending
ORD-000104,20260622,870,559,303,1,713.61,114.21,6.82,599.4,Delivered
ORD-000105,20250819,383,981,973,5,450.59,119.9,48.27,2133.05,Cancelled
ORD-000106,20250506,404,551,561,1,832.52,138.63,6.16,693.89,Shipped
ORD-000107,20240425,928,662,872,3,460.51,103.38,45.18,1278.15,Delivered
ORD-000108,20220823,186,688,819,17,217.97,12.03,30.84,3693.46,Delivered
ORD-000109,20240802,661,563,75,19,1279.12,326.71,46.62,23976.57,Returned
ORD-000110,20231109,366,132,688,10,1009.17,75.9,9.87,10015.8,Delivered
ORD-000111,20240711,337,632,676,8,154.57,28.73,45.01,1207.83,Delivered
ORD-000112,20240527,173,5,321,10,1041.72,47.63,28.34,10369.57,Pending
ORD-000113,20240107,138,696,751,8,1179.56,252.02,32.04,9184.46,Delivered
ORD-000114,20250203,112,180,662,11,1317.44,182.93,17.94,14308.91,Delivered
ORD-000115,20230207,270,752,908,20,127.55,10.74,41.32,2540.26,Cancelled
ORD-000116,20260723,596,593,415,3,1092.5,292.39,42.48,2985.11,Delivered
ORD-000117,20250110,484,670,794,19,323.08,3.55,13.03,6134.97,Cancelled
ORD-000118,20230819,138,476,514,5,551.9,36.97,38.61,2722.53,Delivered
ORD-000119,20260710,629,701,170,17,140.38,15.32,0.53,2371.14,Shipped
ORD-000120,20221027,754,750,496,17,214.85,10.26,28.32,3642.19,Delivered
ORD-000121,20230425,44,685,212,12,65.43,14.95,11.59,770.21,Delivered
ORD-000122,20220406,41,665,332,17,1362.05,147.61,23.48,23007.24,Delivered
ORD-000123,20230624,593,558,584,4,1057.09,165.34,41.48,4063.02,Pending
ORD-000124,20220609,530,258,386,6,568.11,64.51,29.38,3344.15,Cancelled
ORD-000125,20240914,909,619,7,8,776.98,82.26,43.39,6133.58,Delivered
ORD-000126,20230730,217,154,192,17,1323.64,174.68,11.5,22327.2,Delivered
ORD-000127,20260720,339,738,117,6,546.52,117.61,5.92,3161.51,Shipped
ORD-000128,20240421,23,250,45,16,1014.47,145.79,29.54,16085.73,Delivered
ORD-000129,20250318,151,58,171,5,862.36,41.69,31.48,4270.11,Shipped
ORD-000130,20250729,20,900,737,9,1384.06,214.52,20.27,12242.02,Returned
ORD-000131,20240913,175,225,851,10,1421.14,92.34,30.33,14119.06,Delivered
ORD-000132,20250912,524,271,172,14,903.25,215.32,41.02,12430.18,Shipped
ORD-000133,20220928,112,17,208,11,1383.92,247.67,3.44,14975.45,Delivered
ORD-000134,20220717,182,488,924,17,1290.09,195.2,20.99,21736.33,Shipped
ORD-000135,20220710,494,676,134,20,901.72,237.45,26.57,17796.95,Pending
ORD-000136,20240602,535,431,380,20,811.23,0.29,46.89,16224.31,Delivered
ORD-000137,20260424,391,359,604,2,1047.98,134.86,46.92,1961.1,Delivered
ORD-000138,20220621,291,613,898,19,151.09,6.07,23.86,2864.64,Shipped
ORD-000139,20250329,536,121,533,18,615.93,34.93,35.46,11051.81,Pending
ORD-000140,20220807,159,437,668,1,565.67,34.86,40.21,530.81,Delivered
ORD-000141,20230719,697,407,774,19,384.18,98.54,21.18,7200.88,Delivered
ORD-000142,20250210,496,260,315,7,622.78,146.44,24.12,4213.02,Delivered
ORD-000143,20250912,122,766,236,19,519.81,110.02,36.79,9766.37,Cancelled
ORD-000144,20260529,347,821,564,15,1175.75,334.82,5.01,17301.43,Delivered
ORD-000145,20220111,824,94,844,20,1047.1,222.02,8.04,20719.98,Returned
ORD-000146,20240130,82,624,39,5,710.14,127.88,4.41,3422.82,Delivered
ORD-000147,20250508,59,969,793,13,1396.37,167.83,32.81,17984.98,Delivered
ORD-000148,20260705,531,293,200,6,962.24,126.72,10.09,5646.72,Delivered
ORD-000149,20251012,37,369,245,2,1177.02,180.28,34.92,2173.76,Delivered
ORD-000150,20251003,405,416,601,1,1463.59,38.13,13.8,1425.46,Delivered
ORD-000151,20230806,744,850,573,7,779.03,172.23,3.43,5280.98,Shipped
ORD-000152,20230203,466,953,414,19,525.4,151.83,13.83,9830.77,Delivered
ORD-000153,20241027,302,349,970,19,11.95,0.63,25.31,226.42,Delivered
ORD-000154,20250323,257,711,454,4,1205.4,345.97,43.81,4475.63,Pending
ORD-000155,20240728,698,472,919,13,846.94,195.63,37.87,10814.59,Returned
ORD-000156,20260604,226,694,719,19,1293.72,187.06,12.89,24393.62,Delivered
ORD-000157,20251206,853,270,255,8,1201.24,148.63,17.65,9461.29,Delivered
ORD-000158,20230101,488,322,363,10,144.05,29.11,41.05,1411.39,Shipped
ORD-000159,20230125,511,755,205,7,1342.0,108.33,47.36,9285.67,Delivered
ORD-000160,20230527,857,634,365,8,1104.47,289.18,10.34,8546.58,Shipped
ORD-000161,20241005,629,7,783,5,1169.51,42.06,3.92,5805.49,Returned
ORD-000162,20250322,890,282,503,18,1437.2,365.63,18.56,25503.97,Delivered
ORD-000163,20250327,132,56,539,6,1476.67,405.79,14.01,8454.23,Shipped
ORD-000164,20251106,795,179,469,14,720.09,116.82,25.12,9964.44,Delivered
ORD-000165,20230308,389,595,104,4,1048.88,144.77,34.46,4050.75,Shipped
ORD-000166,20230706,483,982,628,11,545.6,141.07,9.36,5860.53,Delivered
ORD-000167,20240202,374,875,411,11,552.06,82.61,10.53,5990.05,Delivered
ORD-000168,20260726,103,739,277,9,678.84,116.37,48.96,5993.19,Delivered
ORD-000169,20260221,154,485,826,8,835.23,214.56,9.8,6467.28,Pending
ORD-000170,20241124,547,738,324,1,269.03,40.32,49.78,228.71,Pending
ORD-000171,20251115,168,62,221,16,453.55,76.49,28.39,7180.31,Delivered
ORD-000172,20240110,369,574,571,9,717.43,135.56,22.49,6321.31,Delivered
ORD-000173,20250525,204,591,590,9,519.49,64.17,17.55,4611.24,Delivered
ORD-000174,20240925,794,755,458,18,265.94,62.25,17.76,4724.67,Delivered
ORD-000175,20221210,656,828,951,3,574.7,49.4,31.59,1674.7,Shipped
ORD-000176,20220612,166,352,234,11,635.62,116.76,20.24,6875.06,Cancelled
ORD-000177,20230710,909,456,800,11,478.73,41.84,13.37,5224.19,Delivered
ORD-000178,20220217,129,746,241,12,1123.1,175.52,22.51,13301.68,Shipped
ORD-000179,20220730,98,66,960,9,1410.95,296.59,4.0,12401.96,Shipped
ORD-000180,20220620,107,269,633,16,824.91,6.52,19.85,13192.04,Pending
ORD-000181,20260219,291,454,642,5,131.05,36.63,19.49,618.62,Shipped
ORD-000182,20231029,885,488,479,5,201.26,50.63,1.43,955.67,Delivered
ORD-000183,20250109,182,606,612,18,1402.61,230.82,6.76,25016.16,Cancelled
ORD-000184,20250802,547,318,931,15,948.42,180.92,28.2,14045.38,Delivered
ORD-000185,20240424,267,160,311,12,725.07,49.41,4.48,8651.43,Delivered
ORD-000186,20240818,548,9,705,1,5.14,1.26,42.4,3.88,Delivered
ORD-000187,20230823,612,237,816,16,1420.7,203.33,0.46,22527.87,Delivered
ORD-000188,20230527,168,733,755,1,824.58,46.65,44.11,777.93,Delivered
ORD-000189,20241124,783,820,932,13,1243.5,82.29,3.96,16083.21,Delivered
ORD-000190,20260715,276,423,193,20,1212.32,249.0,14.23,23997.4,Delivered
ORD-000191,20230712,718,638,504,3,277.7,24.13,31.84,808.97,Delivered
ORD-000192,20220729,289,276,129,7,484.36,22.11,48.49,3368.41,Shipped
ORD-000193,20231202,431,320,805,15,1092.03,76.27,7.53,16304.18,Delivered
ORD-000194,20260318,975,150,58,16,1496.96,208.24,39.57,23743.12,Delivered
ORD-000195,20230528,837,391,849,9,1164.6,24.94,23.51,10456.46,Shipped
ORD-000196,20240626,254,756,35,1,187.33,43.17,12.45,144.16,Pending
ORD-000197,20240826,399,698,985,7,693.95,160.51,26.06,4697.14,Returned
ORD-000198,20250130,534,126,260,10,1404.64,66.84,36.41,13979.56,Delivered
ORD-000199,20230323,997,116,242,16,959.59,57.21,44.38,15296.23,Cancelled
ORD-000200,20260605,249,10,993,14,490.15,24.61,13.81,6837.49,Shipped
ORD-000201,20260428,92,255,162,2,873.71,181.05,34.42,1566.37,Shipped
ORD-000202,20250704,62,62,365,16,141.65,26.29,46.54,2240.11,Returned
ORD-000203,20250217,808,661,775,5,1053.49,250.14,6.29,5017.31,Shipped
ORD-000204,20240104,742,138,257,12,1209.26,159.16,9.65,14351.96,Delivered
ORD-000205,20230124,581,192,557,2,730.53,95.88,14.74,1365.18,Delivered
ORD-000206,20250209,165,71,544,12,488.9,68.7,43.38,5798.1,Delivered
ORD-000207,20260509,654,519,389,5,676.83,166.38,27.08,3217.77,Delivered
ORD-000208,20231019,739,65,675,6,1324.98,246.34,18.2,7703.54,Delivered
ORD-000209,20221112,628,290,331,18,1229.48,70.03,34.16,22060.61,Pending
ORD-000210,20220923,183,895,33,14,963.15,31.92,26.16,13452.18,Shipped
ORD-000211,20240306,674,502,539,7,165.05,9.49,1.59,1145.86,Delivered
ORD-000212,20220526,14,953,944,20,1053.46,80.89,18.32,20988.31,Delivered
ORD-000213,20250801,63,370,572,7,985.35,274.44,41.6,6623.01,Delivered
ORD-000214,20241219,42,752,73,14,1233.93,294.01,2.92,16981.01,Delivered
ORD-000215,20230419,545,395,195,10,121.51,7.87,25.97,1207.23,Shipped
ORD-000216,20260315,572,426,765,7,791.66,59.08,31.27,5482.54,Shipped
ORD-000217,20240524,905,107,171,4,1150.59,199.02,33.72,4403.34,Delivered
ORD-000218,20250513,454,956,361,6,827.2,125.24,32.88,4837.96,Delivered
ORD-000219,20250720,441,846,744,11,827.37,247.43,42.24,8853.64,Delivered
ORD-000220,20260305,261,369,985,11,914.58,154.51,10.7,9905.87,Pending
ORD-000221,20250505,17,531,139,15,674.01,80.29,36.32,10029.86,Returned
ORD-000222,20260430,842,966,707,10,14.82,4.38,10.74,143.82,Delivered
ORD-000223,20220713,39,472,365,9,1379.07,211.52,28.53,12200.11,Delivered
ORD-000224,20260720,308,95,585,5,211.92,23.34,29.11,1036.26,Shipped
ORD-000225,20240915,178,500,846,13,855.75,55.82,3.86,11068.93,Delivered
ORD-000226,20260714,591,391,81,19,1230.18,35.19,32.11,23338.23,Shipped
ORD-000227,20220904,891,789,233,2,1383.2,138.76,43.99,2627.64,Delivered
ORD-000228,20241209,43,327,553,20,1393.34,264.97,31.61,27601.83,Shipped
ORD-000229,20260207,403,995,457,19,228.62,34.46,11.04,4309.32,Shipped
ORD-000230,20221031,136,345,85,20,865.01,23.38,21.6,17276.82,Pending
ORD-000231,20241024,445,793,715,16,859.3,12.71,19.96,13736.09,Shipped
ORD-000232,20250316,201,575,631,5,1144.24,165.09,9.91,5556.11,Delivered
ORD-000233,20250325,92,116,688,17,373.14,8.02,38.84,6335.36,Delivered
ORD-000234,20220219,789,313,174,14,638.19,66.69,16.04,8867.97,Delivered
ORD-000235,20220402,947,838,240,12,926.25,275.14,22.11,10839.86,Shipped
ORD-000236,20260223,56,249,972,7,1029.61,48.18,36.42,7159.09,Shipped
ORD-000237,20251121,824,114,313,20,1390.46,362.39,41.01,27446.81,Shipped
ORD-000238,20250124,536,769,265,15,709.43,70.63,37.0,10570.82,Shipped
ORD-000239,20220207,386,597,928,18,727.12,159.22,7.07,12928.94,Delivered
ORD-000240,20250619,278,55,477,17,70.01,3.58,14.2,1186.59,Pending
ORD-000241,20240108,886,111,20,1,104.56,20.71,33.15,83.85,Cancelled
ORD-000242,20251224,102,926,324,10,1301.78,253.62,11.56,12764.18,Delivered
ORD-000243,20240726,575,949,730,16,1300.83,207.44,9.32,20605.84,Delivered
ORD-000244,20260305,161,19,356,1,64.43,17.83,15.25,46.6,Delivered
ORD-000245,20230719,832,64,641,12,536.29,48.64,49.8,6386.84,Returned
ORD-000246,20250210,972,287,231,9,1318.62,352.23,40.74,11515.35,Shipped
ORD-000247,20241202,984,695,628,5,515.97,60.81,6.86,2519.04,Delivered
ORD-000248,20250524,338,460,556,8,628.91,108.09,21.32,4923.19,Delivered
ORD-000249,20221010,317,706,723,5,314.1,13.06,27.07,1557.44,Pending
ORD-000250,20250905,956,579,940,17,1364.8,176.09,45.45,23025.51,Pending
ORD-000251,20231013,860,901,150,6,479.66,80.2,47.43,2797.76,Shipped
ORD-000252,20240626,764,957,842,1,1149.33,303.47,20.7,845.86,Delivered
ORD-000253,20250607,632,274,621,9,232.18,13.09,6.58,2076.53,Shipped
ORD-000254,20220612,705,799,489,19,920.48,164.68,11.55,17324.44,Shipped
ORD-000255,20240304,504,486,141,5,755.98,137.14,35.6,3642.76,Delivered
ORD-000256,20230707,974,423,228,6,293.92,2.84,38.23,1760.68,Shipped
ORD-000257,20250617,502,705,333,7,1137.88,22.58,46.36,7942.58,Returned
ORD-000258,20260816,390,738,321,15,1331.94,170.84,38.81,19808.26,Delivered
ORD-000259,20251213,806,40,534,13,919.2,204.74,29.69,11744.86,Delivered
ORD-000260,20241128,551,406,753,4,680.16,168.75,2.12,2551.89,Returned
ORD-000261,20230820,451,408,906,2,838.76,129.87,31.53,1547.65,Shipped
ORD-000262,20220422,707,530,926,10,1161.65,99.64,8.32,11516.86,Delivered
ORD-000263,20230104,798,600,961,5,698.05,135.3,4.52,3354.95,Delivered
ORD-000264,20250423,919,730,918,18,207.28,25.72,22.54,3705.32,Shipped
ORD-000265,20251228,816,168,736,7,1324.41,35.83,16.2,9235.04,Delivered
ORD-000266,20251219,394,745,811,4,141.33,29.94,31.7,535.38,Shipped
ORD-000267,20221216,935,344,580,17,920.05,44.13,27.52,15596.72,Shipped
ORD-000268,20230923,317,748,788,5,247.38,10.73,38.46,1226.17,Shipped
ORD-000269,20220108,638,784,260,15,436.73,23.67,44.93,6527.28,Returned
ORD-000270,20241007,244,223,603,1,690.67,177.24,27.18,513.43,Shipped
ORD-000271,20250125,285,635,644,16,683.34,90.59,30.06,10842.85,Shipped
ORD-000272,20231216,38,149,875,18,1231.08,76.69,9.24,22082.75,Shipped
ORD-000273,20220411,112,427,183,2,1002.16,251.95,14.92,1752.37,Cancelled
ORD-000274,20260601,576,182,990,6,1009.78,185.12,34.58,5873.56,Delivered
ORD-000275,20231024,378,920,389,15,1125.26,121.59,1.79,16757.31,Pending
ORD-000276,20220907,712,881,282,3,1138.87,288.13,3.25,3128.48,Delivered
ORD-000277,20220812,586,748,645,11,792.94,124.8,34.79,8597.54,Delivered
ORD-000278,20251218,295,438,624,17,1480.85,214.87,34.43,24959.58,Cancelled
ORD-000279,20250612,577,509,533,11,393.19,67.84,31.16,4257.25,Cancelled
ORD-000280,20230201,2,122,25,16,741.29,40.01,30.47,11820.63,Delivered
ORD-000281,20240429,424,47,342,15,940.06,33.26,42.4,14067.64,Pending
ORD-000282,20230731,261,810,70,12,842.82,161.19,0.56,9952.65,Shipped
ORD-000283,20231114,350,406,742,10,453.92,74.9,38.35,4464.3,Shipped
ORD-000284,20231124,945,689,491,19,925.91,8.09,8.78,17584.2,Delivered
ORD-000285,20250104,918,344,474,16,1196.9,231.83,24.07,18918.57,Delivered
ORD-000286,20251020,324,569,549,14,1392.05,23.4,26.05,19465.3,Delivered
ORD-000287,20231226,68,993,153,1,316.35,65.06,39.98,251.29,Cancelled
ORD-000288,20221206,585,621,399,9,1261.91,128.39,18.76,11228.8,Delivered
ORD-000289,20231007,727,33,279,6,894.81,232.09,37.58,5136.77,Delivered
ORD-000290,20230912,222,538,310,14,134.76,35.46,18.58,1851.18,Pending
ORD-000291,20240627,519,26,819,6,172.79,40.69,38.89,996.05,Cancelled
ORD-000292,20241208,318,795,336,16,1357.91,62.77,17.01,21663.79,Delivered
ORD-000293,20220929,211,742,38,5,1155.37,34.06,49.11,5742.79,Delivered
ORD-000294,20220401,704,869,609,15,584.44,151.63,5.79,8614.97,Delivered
ORD-000295,20260307,320,24,592,3,503.27,134.25,5.16,1375.56,Pending
ORD-000296,20241226,327,792,452,10,960.08,60.44,10.03,9540.36,Delivered
ORD-000297,20250220,527,105,212,4,412.62,19.5,5.72,1630.98,Returned
ORD-000298,20230804,588,251,176,18,528.73,50.52,7.08,9466.62,Delivered
ORD-000299,20220301,483,925,692,3,470.51,125.94,27.03,1285.59,Shipped
ORD-000300,20250505,913,607,645,2,163.36,2.64,21.32,324.08,Shipped
ORD-000301,20251005,829,547,81,15,926.39,86.83,40.87,13809.02,Delivered
ORD-000302,20220719,467,318,701,15,853.85,23.8,40.12,12783.95,Delivered
ORD-000303,20230613,935,373,402,15,708.47,201.37,7.19,10425.68,Cancelled
ORD-000304,20240717,500,31,67,6,1050.92,209.72,39.44,6095.8,Cancelled
ORD-000305,20231215,619,589,131,16,173.77,24.95,42.29,2755.37,Delivered
ORD-000306,20250823,73,812,310,17,158.88,38.97,39.84,2661.99,Delivered
ORD-000307,20221122,998,494,394,18,694.16,122.98,11.93,12371.9,Shipped
ORD-000308,20240610,581,807,351,3,514.37,125.6,29.55,1417.51,Pending
ORD-000309,20251228,588,857,499,18,1042.73,54.14,33.48,18715.0,Delivered
ORD-000310,20221227,316,979,416,4,890.28,123.64,27.75,3437.48,Pending
ORD-000311,20231102,507,661,677,3,899.4,184.96,29.82,2513.24,Pending
ORD-000312,20250726,830,1,776,2,140.35,34.4,44.36,246.3,Cancelled
ORD-000313,20240704,201,211,698,5,993.02,134.94,14.58,4830.16,Delivered
ORD-000314,20240609,736,938,353,11,453.1,107.98,33.98,4876.12,Cancelled
ORD-000315,20230826,64,379,923,3,876.18,160.73,25.52,2467.81,Pending
ORD-000316,20220813,882,289,887,18,1452.01,0.37,28.0,26135.81,Returned
ORD-000317,20240223,416,391,446,1,356.69,75.14,19.71,281.55,Delivered
ORD-000318,20240108,861,428,158,18,320.77,16.69,6.95,5757.17,Delivered
ORD-000319,20220202,148,739,907,10,1496.2,300.77,6.71,14661.23,Shipped
ORD-000320,20260709,426,881,467,16,988.6,289.16,6.79,15528.44,Shipped
ORD-000321,20260807,461,394,364,20,1395.81,260.98,22.72,27655.22,Delivered
ORD-000322,20230430,730,514,276,8,282.76,51.28,28.9,2210.8,Pending
ORD-000323,20240916,722,378,116,14,1390.21,240.38,1.67,19222.56,Shipped
ORD-000324,20260318,798,287,477,19,724.89,150.16,7.1,13622.75,Delivered
ORD-000325,20260227,680,984,685,17,121.96,32.56,4.42,2040.76,Delivered
ORD-000326,20231205,548,798,12,3,1027.69,166.24,28.98,2916.83,Delivered
ORD-000327,20231224,984,818,302,16,683.78,185.86,28.7,10754.62,Delivered
ORD-000328,20260527,578,267,63,10,255.42,53.26,29.88,2500.94,Delivered
ORD-000329,20260219,640,28,294,16,869.32,149.4,32.82,13759.72,Delivered
ORD-000330,20220929,631,288,282,16,128.35,19.47,42.57,2034.13,Delivered
ORD-000331,20221106,675,458,379,9,26.23,0.88,8.73,235.19,Delivered
ORD-000332,20220309,352,87,991,6,395.57,83.16,24.25,2290.26,Pending
ORD-000333,20240425,789,393,244,5,895.34,220.72,41.88,4255.98,Pending
ORD-000334,20220422,658,271,774,15,1090.37,54.72,28.89,16300.83,Pending
ORD-000335,20260321,945,546,240,4,83.52,11.63,23.81,322.45,Delivered
ORD-000336,20240609,13,296,950,13,1026.85,120.16,13.13,13228.89,Delivered
ORD-000337,20220719,940,545,653,15,576.1,54.56,26.51,8586.94,Returned
ORD-000338,20231118,277,274,822,12,1434.49,185.82,45.9,17028.06,Cancelled
ORD-000339,20230511,752,689,603,4,386.74,67.78,23.06,1479.18,Delivered
ORD-000340,20220122,689,9,852,7,782.33,159.06,49.66,5317.25,Delivered
ORD-000341,20230326,743,291,258,3,22.88,0.67,5.2,67.97,Delivered
ORD-000342,20230321,974,614,654,7,55.89,10.39,2.84,380.84,Delivered
ORD-000343,20250906,783,922,664,4,1063.57,38.28,42.82,4216.0,Shipped
ORD-000344,20230827,479,677,959,19,1205.78,66.84,5.54,22842.98,Shipped
ORD-000345,20250929,789,789,332,3,959.98,265.73,13.82,2614.21,Delivered
ORD-000346,20231113,62,265,979,9,247.14,5.49,38.86,2218.77,Delivered
ORD-000347,20240315,183,661,504,9,271.0,5.64,48.97,2433.36,Shipped
ORD-000348,20240623,733,266,106,4,220.09,50.76,10.92,829.6,Delivered
ORD-000349,20241016,153,669,656,2,114.01,19.54,12.53,208.48,Delivered
ORD-000350,20240312,589,4,528,1,1399.68,279.07,13.32,1120.61,Delivered
ORD-000351,20220524,554,232,4,16,719.82,87.22,36.39,11429.9,Pending
ORD-000352,20240106,342,699,311,13,1431.46,351.27,24.1,18257.71,Delivered
ORD-000353,20231128,83,862,471,13,87.52,26.18,32.35,1111.58,Delivered
ORD-000354,20230127,307,713,400,10,973.45,51.58,1.97,9682.92,Delivered
ORD-000355,20260214,195,144,37,4,947.77,102.15,4.24,3688.93,Delivered
ORD-000356,20260612,554,659,316,7,42.92,12.83,11.92,287.61,Delivered
ORD-000357,20220317,348,58,346,16,803.24,201.03,22.47,12650.81,Returned
ORD-000358,20251020,892,896,550,2,611.23,38.82,32.69,1183.64,Delivered
ORD-000359,20240928,670,20,483,5,1112.87,77.78,3.6,5486.57,Delivered
ORD-000360,20220413,927,315,841,20,73.47,15.46,6.53,1453.94,Shipped
ORD-000361,20220806,117,510,610,4,687.0,35.18,29.55,2712.82,Pending
ORD-000362,20260220,695,412,333,20,334.76,80.79,21.31,6614.41,Pending
ORD-000363,20260613,219,783,47,4,1463.9,252.95,6.87,5602.65,Pending
ORD-000364,20221211,714,379,567,19,264.3,5.01,13.69,5016.69,Pending
ORD-000365,20250718,628,386,797,6,660.8,183.51,2.03,3781.29,Shipped
ORD-000366,20220702,724,668,608,6,28.37,4.14,0.32,166.08,Shipped
ORD-000367,20230227,147,656,278,10,627.25,151.93,38.63,6120.57,Delivered
ORD-000368,20250506,185,735,512,17,678.38,48.69,8.73,11483.77,Delivered
ORD-000369,20220110,572,242,197,20,1425.7,268.26,39.13,28245.74,Delivered
ORD-000370,20250110,520,225,476,4,1479.97,433.69,30.95,5486.19,Cancelled
ORD-000371,20240829,510,181,164,7,418.26,24.31,39.83,2903.51,Delivered
ORD-000372,20250617,825,912,777,2,85.77,9.37,10.48,162.17,Delivered
ORD-000373,20260528,30,497,528,15,69.76,15.5,46.24,1030.9,Shipped
ORD-000374,20240508,204,766,694,4,110.93,7.83,22.24,435.89,Delivered
ORD-000375,20240424,891,205,385,11,348.94,11.53,11.39,3826.81,Shipped
ORD-000376,20230319,951,625,466,8,114.93,20.17,2.72,899.27,Delivered
ORD-000377,20230707,208,344,131,6,584.06,23.9,35.99,3480.46,Delivered
ORD-000378,20240728,429,176,779,2,1039.85,18.61,6.83,2061.09,Cancelled
ORD-000379,20250606,928,175,592,11,333.68,29.55,7.84,3640.93,Pending
ORD-000380,20230320,606,485,858,18,1283.23,33.29,42.85,23064.85,Delivered
ORD-000381,20231102,445,594,228,15,422.36,92.5,36.81,6242.9,Shipped
ORD-000382,20220401,42,482,752,19,1419.65,389.16,44.91,26584.19,Delivered
ORD-000383,20260810,101,464,508,17,55.26,8.8,23.96,930.62,Pending
ORD-000384,20230323,136,368,303,8,129.22,29.19,34.66,1004.57,Delivered
ORD-000385,20251211,471,879,585,8,973.22,26.49,23.99,7759.27,Delivered
ORD-000386,20240410,190,809,893,19,41.5,5.66,38.59,782.84,Cancelled
ORD-000387,20240228,915,708,341,12,942.08,198.94,0.07,11106.02,Delivered
ORD-000388,20250115,590,814,213,17,53.91,6.89,13.49,909.58,Cancelled
ORD-000389,20251013,373,910,53,3,932.58,93.92,46.61,2703.82,Delivered
ORD-000390,20250820,573,722,69,4,577.52,80.63,2.04,2229.45,Delivered
ORD-000391,20220821,665,490,756,18,1065.46,65.43,49.06,19112.85,Shipped
ORD-000392,20231019,362,920,274,19,1307.34,275.66,37.66,24563.8,Pending
ORD-000393,20240922,514,540,850,17,1021.94,84.97,3.17,17288.01,Delivered
ORD-000394,20240714,636,377,820,4,707.89,112.96,41.27,2718.6,Cancelled
ORD-000395,20230102,296,982,980,3,286.59,76.0,4.37,783.77,Delivered
ORD-000396,20230223,534,975,643,3,168.5,13.95,34.85,491.55,Delivered
ORD-000397,20231212,431,455,756,1,443.29,128.94,27.07,314.35,Shipped
ORD-000398,20241130,661,344,422,1,440.82,8.32,43.59,432.5,Shipped
ORD-000399,20251128,543,863,562,19,517.47,100.29,16.32,9731.64,Delivered
ORD-000400,20260605,267,233,496,15,689.72,117.37,44.91,10228.43,Delivered
ORD-000401,20240722,980,171,634,12,1456.23,336.28,2.37,17138.48,Delivered
ORD-000402,20251119,927,683,814,6,1069.16,91.49,48.66,6323.47,Pending
ORD-000403,20240621,267,379,189,5,246.08,8.63,49.69,1221.77,Delivered
ORD-000404,20240203,460,553,999,7,845.92,8.8,15.85,5912.64,Delivered
ORD-000405,20260423,149,971,470,6,802.8,29.26,1.25,4787.54,Cancelled
ORD-000406,20250818,723,303,486,11,238.3,69.36,27.31,2551.94,Delivered
ORD-000407,20260626,579,747,929,10,1454.56,329.09,49.7,14216.51,Delivered
ORD-000408,20251020,565,120,316,15,511.33,17.23,23.95,7652.72,Shipped
ORD-000409,20220423,623,657,200,1,605.44,152.73,22.3,452.71,Shipped
ORD-000410,20220621,552,870,457,19,792.02,185.64,38.35,14862.74,Shipped
ORD-000411,20241113,967,58,931,3,1463.88,173.22,24.52,4218.42,Delivered
ORD-000412,20220125,292,354,360,12,599.35,128.73,21.38,7063.47,Delivered
ORD-000413,20240628,760,426,823,10,1466.4,384.62,4.38,14279.38,Delivered
ORD-000414,20240428,143,856,602,15,436.51,105.51,48.52,6442.14,Delivered
ORD-000415,20231118,68,956,984,20,133.69,8.33,23.73,2665.47,Cancelled
ORD-000416,20240428,180,570,474,19,1135.39,30.13,20.47,21542.28,Cancelled
ORD-000417,20250208,503,44,843,19,1134.09,46.59,9.3,21501.12,Delivered
ORD-000418,20220224,811,3,158,10,1252.7,114.21,27.96,12412.79,Delivered
ORD-000419,20250925,915,295,428,9,453.75,87.2,31.83,3996.55,Shipped
ORD-000420,20230722,505,994,69,6,740.37,152.78,12.24,4289.44,Shipped
ORD-000421,20250710,703,488,998,20,1119.62,195.17,28.28,22197.23,Cancelled
ORD-000422,20250406,60,150,328,4,562.94,123.78,0.88,2127.98,Delivered
ORD-000423,20240509,652,934,979,15,1318.08,53.58,8.17,19717.62,Delivered
ORD-000424,20230201,785,644,188,12,77.83,6.81,31.95,927.15,Shipped
ORD-000425,20251103,820,309,278,4,900.15,45.13,16.13,3555.47,Delivered
ORD-000426,20241127,289,382,798,12,148.27,25.8,41.17,1753.44,Shipped
ORD-000427,20241027,227,852,193,16,620.93,171.55,8.15,9763.33,Shipped
ORD-000428,20250202,720,775,822,18,922.08,229.99,26.28,16367.45,Delivered
ORD-000429,20220205,492,357,320,4,628.93,172.84,5.83,2342.88,Shipped
ORD-000430,20231202,177,727,312,12,212.83,28.22,49.38,2525.74,Delivered
ORD-000431,20251110,233,315,129,1,1117.97,39.78,6.44,1078.19,Delivered
ORD-000432,20220609,20,794,496,7,199.68,4.71,34.54,1393.05,Pending
ORD-000433,20220502,481,122,931,14,68.56,2.22,39.65,957.62,Delivered
ORD-000434,20220911,943,617,211,9,69.71,6.31,0.51,621.08,Shipped
ORD-000435,20260309,965,285,972,19,1352.26,74.96,17.58,25617.98,Shipped
ORD-000436,20230511,518,584,70,19,525.02,25.29,25.03,9950.09,Delivered
ORD-000437,20230801,176,924,773,4,1230.28,281.7,26.44,4639.42,Delivered
ORD-000438,20251220,487,376,715,18,11.47,2.5,46.21,203.96,Cancelled
ORD-000439,20240217,435,220,527,19,281.76,56.93,5.37,5296.51,Pending
ORD-000440,20241130,140,508,781,8,614.33,140.33,15.71,4774.31,Delivered
ORD-000441,20220825,395,291,468,12,1058.57,176.93,2.03,12525.91,Delivered
ORD-000442,20240414,298,876,439,20,1105.58,227.88,42.05,21883.72,Shipped
ORD-000443,20240123,184,14,691,7,1285.88,345.16,40.12,8656.0,Cancelled
ORD-000444,20220902,147,405,411,16,1009.78,120.07,26.13,16036.41,Delivered
ORD-000445,20240115,999,204,347,19,1466.47,326.19,44.62,27536.74,Shipped
ORD-000446,20260125,512,286,784,7,894.47,265.84,6.14,5995.45,Pending
ORD-000447,20231231,488,683,618,19,892.51,202.5,40.05,16755.19,Cancelled
ORD-000448,20220908,257,502,510,13,1481.35,227.28,7.37,19030.27,Delivered
ORD-000449,20220520,511,695,28,8,944.41,38.14,4.98,7517.14,Shipped
ORD-000450,20220717,779,79,677,6,577.04,117.58,7.64,3344.66,Delivered
ORD-000451,20241001,517,268,556,17,1152.52,274.09,10.1,19318.75,Delivered
ORD-000452,20240531,902,937,122,11,1215.17,197.05,0.88,13169.82,Pending
ORD-000453,20221229,571,676,882,13,677.92,173.45,22.13,8639.51,Shipped
ORD-000454,20240307,500,783,113,10,1327.63,65.38,21.53,13210.92,Delivered
ORD-000455,20240901,576,875,161,19,1014.16,200.83,34.27,19068.21,Delivered
ORD-000456,20251017,362,785,292,17,88.33,6.98,29.55,1494.63,Delivered
ORD-000457,20260716,760,598,28,11,96.83,17.15,6.41,1047.98,Delivered
ORD-000458,20220426,678,251,254,11,573.96,73.72,49.6,6239.84,Delivered
ORD-000459,20230917,118,346,174,8,973.88,173.12,45.52,7617.92,Shipped
ORD-000460,20241120,924,432,274,1,809.93,9.08,32.89,800.85,Delivered
ORD-000461,20240310,331,587,101,1,1045.46,184.42,49.29,861.04,Delivered
ORD-000462,20260416,684,348,171,16,154.58,31.31,16.8,2441.97,Delivered
ORD-000463,20260601,78,861,871,20,452.78,131.68,10.09,8923.92,Delivered
ORD-000464,20260706,232,640,761,18,325.05,25.86,14.87,5825.04,Delivered
ORD-000465,20250306,821,544,487,3,1077.97,186.98,29.59,3046.93,Delivered
ORD-000466,20260705,308,444,680,14,318.56,76.04,32.58,4383.8,Delivered
ORD-000467,20251007,782,561,185,18,473.46,58.85,12.56,8463.43,Delivered
ORD-000468,20250915,986,844,761,1,943.63,146.14,9.33,797.49,Delivered
ORD-000469,20240607,958,580,745,15,405.56,77.62,40.45,6005.78,Cancelled
ORD-000470,20251104,784,308,865,2,785.79,85.87,7.39,1485.71,Shipped
ORD-000471,20240424,274,844,294,14,618.34,159.57,45.56,8497.19,Delivered
ORD-000472,20230129,29,252,817,6,388.39,70.05,20.29,2260.29,Shipped
ORD-000473,20220317,207,164,280,10,698.92,117.38,21.81,6871.82,Delivered
ORD-000474,20250812,873,44,987,5,48.57,11.51,13.89,231.34,Delivered
ORD-000475,20230903,888,66,923,16,1174.44,19.49,44.83,18771.55,Delivered
ORD-000476,20260123,863,144,242,14,1345.68,271.16,44.29,18568.36,Delivered
ORD-000477,20250403,973,794,954,4,858.61,128.86,6.03,3305.58,Delivered
ORD-000478,20260711,321,338,853,17,381.45,101.23,11.9,6383.42,Shipped
ORD-000479,20230323,148,110,180,19,1107.17,267.66,37.2,20768.57,Cancelled
ORD-000480,20241001,547,384,717,7,1455.04,191.84,12.72,9993.44,Delivered
ORD-000481,20260526,960,149,372,4,478.15,60.79,34.14,1851.81,Returned
ORD-000482,20250525,36,862,758,16,1074.93,264.87,1.05,16934.01,Returned
ORD-000483,20230926,655,982,718,2,1037.57,245.53,11.98,1829.61,Delivered
ORD-000484,20240625,398,9,932,12,1355.22,278.6,26.75,15984.04,Shipped
ORD-000485,20260330,242,305,216,13,1391.62,383.22,15.04,17707.84,Cancelled
ORD-000486,20240412,809,35,281,6,1374.26,260.29,43.97,7985.27,Pending
ORD-000487,20231113,735,433,898,3,1235.68,348.65,23.55,3358.39,Delivered
ORD-000488,20250518,747,833,561,4,1237.48,259.31,25.32,4690.61,Delivered
ORD-000489,20250714,455,811,657,11,682.63,5.6,2.6,7503.33,Delivered
ORD-000490,20220815,162,256,529,5,9.6,0.58,15.28,47.42,Delivered
ORD-000491,20240906,895,753,137,5,1271.21,261.52,39.63,6094.53,Delivered
ORD-000492,20220622,425,377,187,9,264.35,47.03,16.38,2332.12,Delivered
ORD-000493,20220217,946,572,663,13,1315.2,372.76,44.22,16724.84,Shipped
ORD-000494,20251207,873,173,51,20,941.81,256.22,48.71,18579.98,Shipped
ORD-000495,20221215,970,581,121,13,928.92,167.32,7.46,11908.64,Returned
ORD-000496,20251011,507,122,230,1,1079.28,140.9,46.0,938.38,Delivered
ORD-000497,20241009,392,134,442,7,289.86,74.95,39.11,1954.07,Delivered
ORD-000498,20240506,185,419,812,7,902.12,269.34,14.15,6045.5,Delivered
ORD-000499,20230524,379,597,701,5,48.02,14.06,11.77,226.04,Delivered
ORD-000500,20240325,704,218,731,15,133.18,18.73,43.57,1978.97,Returned
ORD-000501,20220501,54,341,954,13,1064.14,235.0,12.81,13598.82,Shipped
ORD-000502,20260702,613,727,767,8,709.04,75.36,30.32,5596.96,Delivered
ORD-000503,20251006,380,136,992,2,13.01,1.97,19.05,24.05,Returned
ORD-000504,20231126,899,480,136,18,66.48,3.58,8.49,1193.06,Delivered
ORD-000505,20220401,131,512,893,3,479.39,76.28,7.09,1361.89,Shipped
ORD-000506,20250609,850,780,949,9,1123.0,312.05,14.15,9794.95,Cancelled
ORD-000507,20241003,783,973,155,9,777.87,101.69,8.25,6899.14,Delivered
ORD-000508,20221101,56,236,188,18,1280.29,252.51,39.91,22792.71,Shipped
ORD-000509,20241010,42,453,366,2,708.02,34.74,23.36,1381.3,Shipped
ORD-000510,20220911,358,96,209,18,730.37,108.02,42.29,13038.64,Cancelled
ORD-000511,20250920,600,218,598,10,275.08,13.89,25.44,2736.91,Delivered
ORD-000512,20260423,511,694,97,1,791.39,135.51,20.82,655.88,Shipped
ORD-000513,20250424,952,975,109,11,43.81,8.95,34.03,472.96,Delivered
ORD-000514,20240718,644,979,276,11,234.89,5.71,41.53,2578.08,Delivered
ORD-000515,20240716,333,971,750,20,988.72,97.71,2.19,19676.69,Delivered
ORD-000516,20260623,57,762,73,19,198.33,51.36,40.08,3716.91,Delivered
ORD-000517,20260428,887,409,92,18,1428.09,163.4,19.94,25542.22,Shipped
ORD-000518,20260322,978,670,158,1,1279.26,62.53,38.97,1216.73,Delivered
ORD-000519,20251103,618,135,368,4,451.33,108.47,36.79,1696.85,Cancelled
ORD-000520,20240902,275,577,615,4,1248.92,192.08,24.48,4803.6,Cancelled
ORD-000521,20250715,437,96,42,14,139.88,17.73,18.41,1940.59,Shipped
ORD-000522,20221114,954,508,540,17,515.91,71.74,11.21,8698.73,Delivered
ORD-000523,20230908,153,131,701,17,130.54,18.34,3.96,2200.84,Pending
ORD-000524,20220606,940,47,526,10,1263.1,198.22,14.77,12432.78,Shipped
ORD-000525,20260723,260,364,261,4,768.42,95.21,23.23,2978.47,Delivered
ORD-000526,20230103,806,187,864,19,127.25,19.22,5.7,2398.53,Delivered
ORD-000527,20260122,466,776,687,13,72.66,9.07,35.22,935.51,Delivered
ORD-000528,20230119,217,190,81,15,937.6,74.56,48.34,13989.44,Cancelled
ORD-000529,20240319,120,14,176,20,392.68,79.33,21.69,7774.27,Shipped
ORD-000530,20260126,499,311,634,16,692.94,84.21,32.89,11002.83,Delivered
ORD-000531,20230912,90,129,139,20,544.29,110.02,34.51,10775.78,Delivered
ORD-000532,20220224,215,493,665,1,290.25,71.05,34.8,219.2,Shipped
ORD-000533,20230126,89,309,789,5,976.36,127.65,31.3,4754.15,Pending
ORD-000534,20260222,720,456,987,15,226.51,28.67,5.82,3368.98,Cancelled
ORD-000535,20250312,850,854,402,16,709.88,183.11,29.26,11174.97,Shipped
ORD-000536,20240501,869,508,755,2,504.11,15.53,42.38,992.69,Delivered
ORD-000537,20240922,526,606,743,19,895.78,148.96,14.54,16870.86,Delivered
ORD-000538,20220505,541,20,433,20,1403.25,381.01,43.38,27683.99,Shipped
ORD-000539,20240827,120,507,638,19,477.2,9.09,44.64,9057.71,Delivered
ORD-000540,20240819,353,449,238,12,675.25,88.37,8.07,8014.63,Delivered
ORD-000541,20260104,673,480,135,17,333.46,90.94,16.96,5577.88,Delivered
ORD-000542,20250829,753,369,816,10,1085.88,127.17,20.84,10731.63,Cancelled
ORD-000543,20260315,89,684,495,16,1200.63,304.19,31.09,18905.89,Delivered
ORD-000544,20241008,311,241,215,5,264.07,12.38,24.61,1307.97,Pending
ORD-000545,20221121,179,848,881,18,75.34,0.41,44.05,1355.71,Delivered
ORD-000546,20220905,576,230,499,17,52.8,1.01,21.53,896.59,Delivered
ORD-000547,20250214,274,918,155,9,1490.53,350.97,38.47,13063.8,Pending
ORD-000548,20260625,469,986,862,17,908.41,28.38,2.52,15414.59,Cancelled
ORD-000549,20220728,844,576,43,4,1462.12,342.86,30.48,5505.62,Cancelled
ORD-000550,20221118,746,300,726,17,162.59,30.73,43.54,2733.3,Cancelled
ORD-000551,20240115,343,839,142,15,1144.14,171.07,43.52,16991.03,Shipped
ORD-000552,20230518,855,829,486,4,1273.65,167.78,20.79,4926.82,Pending
ORD-000553,20240429,370,645,681,11,433.7,22.28,13.3,4748.42,Delivered
ORD-000554,20260701,440,424,941,8,231.66,52.37,21.09,1800.91,Shipped
ORD-000555,20220302,454,150,789,14,1347.61,384.81,25.81,18481.73,Delivered
ORD-000556,20240402,791,169,445,1,1077.85,167.29,3.48,910.56,Delivered
ORD-000557,20250322,60,647,731,2,592.93,6.6,46.13,1179.26,Shipped
ORD-000558,20230916,739,761,322,17,1459.13,183.55,44.29,24621.66,Delivered
ORD-000559,20251205,414,457,660,12,16.81,1.41,26.39,200.31,Cancelled
ORD-000560,20231209,909,832,801,7,1331.93,249.48,30.91,9074.03,Delivered
ORD-000561,20240309,743,737,758,13,1164.22,307.69,4.21,14827.17,Delivered
ORD-000562,20231002,534,349,776,5,783.1,127.05,10.69,3788.45,Delivered
ORD-000563,20260505,312,744,433,6,40.02,10.69,27.0,229.43,Delivered
ORD-000564,20231227,127,49,775,17,170.11,3.06,18.65,2888.81,Delivered
ORD-000565,20230429,825,764,596,4,675.86,116.07,0.26,2587.37,Delivered
ORD-000566,20230424,359,307,292,19,1073.4,301.91,33.28,20092.69,Pending
ORD-000567,20231103,529,597,198,19,1010.29,216.51,25.98,18979.0,Shipped
ORD-000568,20220708,64,436,910,12,684.19,30.08,21.28,8180.2,Delivered
ORD-000569,20250419,573,532,798,5,717.0,95.97,18.46,3489.03,Delivered
ORD-000570,20251112,954,971,502,13,1308.66,229.4,31.82,16783.18,Returned
ORD-000571,20220922,992,722,526,14,1236.6,53.55,6.36,17258.85,Delivered
ORD-000572,20250218,379,944,975,17,181.5,11.58,23.67,3073.92,Delivered
ORD-000573,20220324,536,157,121,4,904.39,110.87,6.04,3506.69,Delivered
ORD-000574,20221020,146,803,604,12,460.86,51.77,14.7,5478.55,Shipped
ORD-000575,20260805,758,501,3,14,77.73,20.85,44.45,1067.37,Shipped
ORD-000576,20230927,580,464,922,4,823.57,16.69,2.23,3277.59,Delivered
ORD-000577,20260410,142,517,652,11,1173.12,167.25,36.0,12737.07,Delivered
ORD-000578,20220702,820,640,681,15,1143.71,228.93,7.45,16926.72,Delivered
ORD-000579,20251005,912,454,754,20,617.39,43.12,19.77,12304.68,Delivered
ORD-000580,20260619,791,725,317,9,970.65,252.16,35.36,8483.69,Delivered
ORD-000581,20250114,591,776,55,18,969.51,187.28,4.26,17263.9,Returned
ORD-000582,20250910,959,545,185,19,785.02,176.76,25.13,14738.62,Shipped
ORD-000583,20250401,455,87,827,1,416.07,25.69,41.48,390.38,Pending
ORD-000584,20220217,349,448,185,18,912.25,109.96,2.25,16310.54,Cancelled
ORD-000585,20220723,555,173,293,14,40.97,6.49,19.1,567.09,Shipped
ORD-000586,20251021,174,61,630,5,278.09,64.1,7.71,1326.35,Returned
ORD-000587,20221019,423,915,332,11,276.28,59.12,14.9,2979.96,Shipped
ORD-000588,20260321,612,601,243,9,566.39,140.65,6.05,4956.86,Shipped
ORD-000589,20231014,476,567,417,16,765.39,115.82,47.47,12130.42,Delivered
ORD-000590,20230706,568,987,601,3,728.84,89.1,11.69,2097.42,Cancelled
ORD-000591,20240413,457,86,867,4,373.24,62.11,39.26,1430.85,Delivered
ORD-000592,20260521,252,551,976,17,309.17,89.77,18.67,5166.12,Returned
ORD-000593,20260826,636,297,669,14,1442.22,240.2,2.09,19950.88,Pending
ORD-000594,20251024,390,360,863,6,5.81,1.63,24.11,33.23,Delivered
ORD-000595,20250227,72,308,92,7,879.81,134.7,2.27,6023.97,Delivered
ORD-000596,20240603,216,626,517,13,1049.15,261.4,36.25,13377.55,Returned
ORD-000597,20251220,464,280,252,11,1326.48,376.22,31.76,14215.06,Returned
ORD-000598,20251117,137,662,945,11,515.74,71.14,29.98,5602.0,Shipped
ORD-000599,20250212,917,714,721,1,915.14,1.17,0.48,913.97,Shipped
ORD-000600,20220608,552,32,914,16,1144.89,184.83,39.37,18133.41,Delivered
ORD-000601,20240104,397,182,860,15,1010.01,106.96,40.64,15043.19,Pending
ORD-000602,20260302,21,777,288,1,191.52,21.29,9.65,170.23,Shipped
ORD-000603,20230329,240,506,991,12,291.31,71.34,31.26,3424.38,Pending
ORD-000604,20220115,201,841,654,12,60.01,8.87,35.2,711.25,Delivered
ORD-000605,20230201,676,757,580,13,170.87,14.22,25.02,2207.09,Shipped
ORD-000606,20230616,956,584,877,20,849.88,16.66,6.41,16980.94,Shipped
ORD-000607,20220217,994,710,695,8,1322.1,289.1,13.72,10287.7,Pending
ORD-000608,20240524,657,690,966,18,923.61,188.6,44.16,16436.38,Shipped
ORD-000609,20220907,697,531,478,2,1281.52,124.18,42.22,2438.86,Delivered
ORD-000610,20230724,941,431,546,16,545.4,124.19,44.19,8602.21,Shipped
ORD-000611,20260713,26,756,232,15,477.78,56.17,16.74,7110.53,Cancelled
ORD-000612,20220509,642,641,100,14,1436.87,395.28,9.84,19720.9,Delivered
ORD-000613,20231116,861,257,254,1,722.55,175.16,29.63,547.39,Delivered
ORD-000614,20241130,814,243,967,4,713.0,205.09,41.63,2646.91,Pending
ORD-000615,20250331,128,88,998,3,1164.75,216.49,38.2,3277.76,Delivered
ORD-000616,20260522,131,64,942,2,1375.49,155.73,44.5,2595.25,Delivered
ORD-000617,20220425,573,54,302,15,86.91,15.92,21.59,1287.73,Shipped
ORD-000618,20260601,676,639,11,13,605.52,112.14,20.56,7759.62,Cancelled
ORD-000619,20231127,667,961,692,15,578.96,138.11,44.0,8546.29,Delivered
ORD-000620,20250503,731,70,608,1,683.84,67.33,9.62,616.51,Shipped
ORD-000621,20240912,743,636,456,7,1357.03,51.29,25.44,9447.92,Delivered
ORD-000622,20240611,526,983,668,6,368.51,88.11,3.02,2122.95,Delivered
ORD-000623,20230925,618,352,299,12,470.23,124.88,38.77,5517.88,Shipped
ORD-000624,20230502,520,839,856,12,1455.56,226.05,32.88,17240.67,Shipped
ORD-000625,20230217,805,71,350,18,1288.76,163.18,9.77,23034.5,Shipped
ORD-000626,20231110,873,593,580,7,1003.45,209.15,49.1,6815.0,Delivered
ORD-000627,20260605,933,44,508,11,926.07,116.32,8.11,10070.45,Delivered
ORD-000628,20230313,245,493,753,8,1380.33,264.51,34.66,10778.13,Delivered
ORD-000629,20220114,372,11,76,11,1211.87,136.67,20.02,13193.9,Pending
ORD-000630,20250414,935,784,369,12,49.88,1.72,14.53,596.84,Shipped
ORD-000631,20230621,737,179,348,2,1463.09,87.4,14.21,2838.78,Shipped
ORD-000632,20220727,22,852,694,18,372.72,21.91,8.8,6687.05,Delivered
ORD-000633,20230917,468,246,379,5,571.49,135.0,5.55,2722.45,Cancelled
ORD-000634,20240607,900,729,67,12,993.06,280.39,48.86,11636.33,Returned
ORD-000635,20240214,712,384,326,4,220.93,61.25,39.74,822.47,Shipped
ORD-000636,20250417,194,875,549,20,647.16,123.51,46.05,12819.69,Pending
ORD-000637,20220916,872,521,992,10,1185.43,116.53,2.66,11737.77,Pending
ORD-000638,20250920,630,67,172,19,1329.32,83.44,4.07,25173.64,Delivered
ORD-000639,20241128,476,184,330,17,585.23,154.93,37.56,9793.98,Delivered
ORD-000640,20250405,411,654,944,12,790.59,114.63,47.79,9372.45,Delivered
ORD-000641,20230426,406,224,314,19,976.36,60.69,44.74,18490.15,Delivered
ORD-000642,20250201,87,138,770,14,1333.62,228.6,46.77,18442.08,Delivered
ORD-000643,20241115,637,345,437,3,446.1,69.43,11.51,1268.87,Shipped
ORD-000644,20240223,26,184,453,15,703.99,86.37,40.23,10473.48,Delivered
ORD-000645,20241024,526,560,660,8,402.11,9.15,45.07,3207.73,Delivered
ORD-000646,20220320,560,206,342,3,1179.88,327.99,4.92,3211.65,Shipped
ORD-000647,20230717,196,723,619,7,1014.29,76.08,37.26,7023.95,Pending
ORD-000648,20220118,789,307,289,5,1497.62,338.04,36.99,7150.06,Cancelled
ORD-000649,20250904,13,484,670,12,1175.78,142.44,20.29,13966.92,Delivered
ORD-000650,20260121,768,215,486,17,1483.97,423.59,43.27,24803.9,Shipped
ORD-000651,20240802,349,811,88,8,776.16,183.01,37.88,6026.27,Delivered
ORD-000652,20240617,461,874,572,11,1269.47,163.3,47.1,13800.87,Delivered
ORD-000653,20220120,512,830,675,1,565.18,97.92,6.42,467.26,Cancelled
ORD-000654,20260514,708,551,307,12,513.03,64.51,34.29,6091.85,Delivered
ORD-000655,20231108,582,645,819,11,882.5,150.27,1.61,9557.23,Shipped
ORD-000656,20240311,66,548,396,20,1371.06,236.05,19.54,27185.15,Delivered
ORD-000657,20230916,96,176,107,7,714.79,70.52,48.1,4933.01,Delivered
ORD-000658,20230212,72,934,987,18,270.57,67.09,30.17,4803.17,Shipped
ORD-000659,20220428,378,531,12,13,429.31,30.01,32.98,5551.02,Shipped
ORD-000660,20220922,550,429,490,6,493.52,134.7,19.56,2826.42,Returned
ORD-000661,20230927,443,838,727,3,586.54,159.0,10.32,1600.62,Cancelled
ORD-000662,20260107,702,470,283,16,242.38,41.82,15.52,3836.26,Shipped
ORD-000663,20260712,253,539,337,7,16.13,0.69,3.2,112.22,Delivered
ORD-000664,20230813,662,903,941,19,1319.46,182.17,28.81,24887.57,Delivered
ORD-000665,20260814,830,871,180,15,523.44,132.32,39.62,7719.28,Delivered
ORD-000666,20250911,188,716,583,14,377.46,101.91,36.66,5182.53,Delivered
ORD-000667,20230715,904,644,551,4,593.36,168.34,11.98,2205.1,Cancelled
ORD-000668,20241007,422,781,567,10,1001.65,20.06,36.33,9996.44,Cancelled
ORD-000669,20231030,420,462,169,4,1493.0,34.28,5.26,5937.72,Pending
ORD-000670,20251015,768,473,391,9,315.02,4.22,1.34,2830.96,Delivered
ORD-000671,20220823,727,940,140,11,1120.21,287.59,19.83,12034.72,Shipped
ORD-000672,20250907,249,731,973,11,1007.09,140.26,23.07,10937.73,Shipped
ORD-000673,20220206,622,103,182,15,214.68,52.84,42.08,3167.36,Shipped
ORD-000674,20220123,694,280,158,10,190.61,42.4,8.42,1863.7,Delivered
ORD-000675,20230319,453,714,49,15,540.34,35.12,1.72,8069.98,Delivered
ORD-000676,20230924,455,54,613,17,963.31,207.04,44.85,16169.23,Delivered
ORD-000677,20230504,205,94,17,1,77.75,8.8,10.09,68.95,Shipped
ORD-000678,20220510,226,982,904,14,46.78,0.2,41.03,654.72,Delivered
ORD-000679,20240501,525,111,836,4,1196.4,298.07,8.39,4487.53,Shipped
ORD-000680,20240320,962,439,124,11,487.41,91.65,31.23,5269.86,Cancelled
ORD-000681,20231010,13,399,218,8,324.6,34.72,8.68,2562.08,Delivered
ORD-000682,20220331,69,907,224,15,334.04,65.94,13.92,4944.66,Delivered
ORD-000683,20250103,811,945,871,14,455.79,81.89,49.16,6299.17,Shipped
ORD-000684,20251127,398,695,947,19,261.33,75.19,29.99,4890.08,Returned
ORD-000685,20250926,494,70,344,5,501.41,95.57,44.2,2411.48,Delivered
ORD-000686,20230422,516,602,722,1,914.76,160.55,19.12,754.21,Delivered
ORD-000687,20260220,439,776,250,1,352.75,65.23,44.84,287.52,Delivered
ORD-000688,20240209,210,658,39,20,123.69,5.1,24.94,2468.7,Shipped
ORD-000689,20231105,138,285,326,8,1385.5,248.59,47.29,10835.41,Delivered
ORD-000690,20220218,235,868,751,2,783.7,229.84,32.4,1337.56,Delivered
ORD-000691,20230524,821,704,713,11,517.38,31.95,2.7,5659.23,Cancelled
ORD-000692,20220113,67,891,504,8,914.05,104.61,16.08,7207.79,Delivered
ORD-000693,20220915,94,178,607,3,1430.72,22.37,49.6,4269.79,Cancelled
ORD-000694,20260124,479,319,169,18,1247.68,348.78,11.82,22109.46,Shipped
ORD-000695,20240707,991,651,207,7,371.16,19.65,12.45,2578.47,Delivered
ORD-000696,20240213,172,483,452,9,1294.33,186.84,47.55,11462.13,Delivered
ORD-000697,20260614,494,21,781,14,760.41,167.65,38.02,10478.09,Pending
ORD-000698,20250105,157,567,745,13,643.96,16.08,45.32,8355.4,Delivered
ORD-000699,20250526,493,74,342,6,389.65,54.2,22.68,2283.7,Delivered
ORD-000700,20241022,748,743,384,5,1073.72,63.04,45.81,5305.56,Shipped
ORD-000701,20240226,502,316,657,16,609.81,76.07,19.73,9680.89,Delivered
ORD-000702,20250304,167,199,782,19,111.5,29.6,49.62,2088.9,Shipped
ORD-000703,20251223,501,651,706,14,1435.86,332.23,37.58,19769.81,Delivered
ORD-000704,20230512,490,36,944,12,1046.2,204.29,46.33,12350.11,Delivered
ORD-000705,20230620,620,467,967,12,948.27,192.43,34.87,11186.81,Delivered
ORD-000706,20220126,120,790,95,5,385.16,69.58,47.59,1856.22,Pending
ORD-000707,20230122,898,434,170,13,599.51,105.42,45.05,7688.21,Delivered
ORD-000708,20240223,601,316,752,14,383.04,34.73,48.38,5327.83,Delivered
ORD-000709,20250318,796,817,353,14,1129.93,313.33,43.47,15505.69,Shipped
ORD-000710,20220114,173,836,504,5,407.19,25.6,37.41,2010.35,Delivered
ORD-000711,20230814,751,442,175,1,149.82,34.78,20.89,115.04,Delivered
ORD-000712,20220814,462,581,834,6,565.1,119.36,9.9,3271.24,Shipped
ORD-000713,20230616,924,893,419,7,282.53,5.0,9.14,1972.71,Pending
ORD-000714,20230824,88,387,128,15,942.12,176.48,43.42,13955.32,Shipped
ORD-000715,20260407,104,10,63,9,101.07,0.9,11.74,908.73,Delivered
ORD-000716,20220718,217,535,811,9,1128.94,2.45,29.12,10158.01,Returned
ORD-000717,20240922,485,776,346,1,566.62,88.41,48.1,478.21,Delivered
ORD-000718,20260731,246,964,370,20,647.03,71.97,44.51,12868.63,Returned
ORD-000719,20220725,4,468,892,13,570.76,9.8,17.8,7410.08,Delivered
ORD-000720,20241222,287,974,717,13,1089.2,290.15,6.94,13869.45,Delivered
ORD-000721,20240426,677,193,4,8,555.8,103.1,32.94,4343.3,Delivered
ORD-000722,20231029,695,455,240,11,29.86,3.23,2.29,325.23,Pending
ORD-000723,20240902,675,878,717,20,729.38,161.75,39.7,14425.85,Delivered
ORD-000724,20241201,898,586,804,4,1102.75,97.22,9.75,4313.78,Shipped
ORD-000725,20250128,896,479,173,17,52.46,7.84,4.35,883.98,Pending
ORD-000726,20221216,772,967,676,15,1432.8,207.26,27.03,21284.74,Shipped
ORD-000727,20231031,925,393,785,3,162.68,48.48,1.46,439.56,Cancelled
ORD-000728,20220910,682,140,945,9,334.46,25.85,23.82,2984.29,Cancelled
ORD-000729,20230404,955,590,785,18,952.15,140.53,39.78,16998.17,Delivered
ORD-000730,20260124,391,670,658,20,101.68,10.47,45.51,2023.13,Delivered
ORD-000731,20230819,90,115,92,18,1449.54,190.02,11.67,25901.7,Delivered
ORD-000732,20240124,131,874,321,11,1112.17,312.7,37.23,11921.17,Shipped
ORD-000733,20240305,434,328,790,13,867.49,0.44,3.09,11276.93,Delivered
ORD-000734,20250424,228,110,405,12,1197.29,335.45,6.32,14032.03,Delivered
ORD-000735,20230325,512,697,467,1,809.75,111.89,7.24,697.86,Cancelled
ORD-000736,20251210,36,614,328,5,904.19,39.57,33.27,4481.38,Pending
ORD-000737,20250321,490,647,849,10,756.06,156.19,13.67,7404.41,Pending
ORD-000738,20231114,157,848,734,7,745.06,157.39,18.84,5058.03,Returned
ORD-000739,20260509,184,878,500,7,1272.86,356.82,11.25,8553.2,Delivered
ORD-000740,20220214,562,402,346,13,452.16,110.55,45.62,5767.53,Shipped
ORD-000741,20241217,745,290,290,14,1018.46,302.58,37.89,13955.86,Delivered
ORD-000742,20260609,595,887,825,7,1053.16,173.14,4.87,7198.98,Delivered
ORD-000743,20221009,453,713,495,2,1275.47,271.52,22.88,2279.42,Shipped
ORD-000744,20250826,10,371,744,10,1346.34,84.73,40.22,13378.67,Shipped
ORD-000745,20240524,696,862,173,19,157.41,37.09,42.92,2953.7,Delivered
ORD-000746,20241121,666,347,608,2,148.59,43.43,8.98,253.75,Shipped
ORD-000747,20230509,407,501,310,14,1454.74,273.62,20.2,20092.74,Shipped
ORD-000748,20260617,687,675,92,20,1432.06,280.45,18.77,28360.75,Delivered
ORD-000749,20240123,12,123,120,15,1298.02,253.23,13.76,19217.07,Delivered
ORD-000750,20250416,587,587,492,3,187.47,36.07,45.42,526.34,Shipped
ORD-000751,20250813,720,445,306,9,1042.12,29.56,29.64,9349.52,Delivered
ORD-000752,20250105,190,416,833,19,192.23,18.76,35.69,3633.61,Cancelled
ORD-000753,20220511,532,858,599,1,593.73,145.61,39.17,448.12,Delivered
ORD-000754,20250910,920,121,186,18,1072.05,254.1,6.2,19042.8,Pending
ORD-000755,20220322,132,589,212,20,1044.35,1.67,22.36,20885.33,Delivered
ORD-000756,20220913,519,306,373,6,136.29,10.5,37.65,807.24,Shipped
ORD-000757,20220405,969,969,532,18,261.55,76.67,32.91,4631.23,Shipped
ORD-000758,20241206,933,361,621,10,990.44,132.2,28.85,9772.2,Delivered
ORD-000759,20220317,193,146,307,18,768.33,158.57,33.13,13671.37,Shipped
ORD-000760,20220921,747,638,433,7,1436.35,259.47,10.8,9794.98,Delivered
ORD-000761,20240723,86,968,261,3,827.02,64.67,32.49,2416.39,Shipped
ORD-000762,20230706,649,714,662,14,1410.6,60.62,10.19,19687.78,Delivered
ORD-000763,20221202,430,842,158,7,1073.1,181.45,32.39,7330.25,Delivered
ORD-000764,20220608,277,128,545,11,1488.71,193.66,1.3,16182.15,Delivered
ORD-000765,20231115,797,280,150,4,1027.55,125.4,16.47,3984.8,Shipped
ORD-000766,20220804,802,948,127,8,414.1,12.17,48.97,3300.63,Shipped
ORD-000767,20220715,542,358,718,6,792.08,208.04,29.44,4544.44,Pending
ORD-000768,20221216,326,970,770,19,1298.77,214.9,30.37,24461.73,Cancelled
ORD-000769,20250203,609,904,871,13,275.11,66.53,33.89,3509.9,Pending
ORD-000770,20221115,674,130,147,13,717.91,27.48,0.47,9305.35,Delivered
ORD-000771,20240129,725,797,256,13,853.5,68.46,45.92,11027.04,Delivered
ORD-000772,20240817,515,294,283,20,630.27,86.56,21.95,12518.84,Delivered
ORD-000773,20250725,879,90,971,14,783.29,168.83,46.19,10797.23,Shipped
ORD-000774,20260203,246,968,96,10,612.74,57.49,4.51,6069.91,Shipped
ORD-000775,20260714,896,11,986,6,865.1,21.95,14.29,5168.65,Cancelled
ORD-000776,20251104,694,910,546,14,1017.16,284.53,6.82,13955.71,Delivered
ORD-000777,20260102,436,720,548,4,611.18,113.0,45.54,2331.72,Delivered
ORD-000778,20241217,701,624,44,12,370.12,82.05,47.54,4359.39,Pending
ORD-000779,20230406,180,77,376,20,675.73,34.16,46.51,13480.44,Pending
ORD-000780,20240204,994,116,347,5,772.96,220.87,21.14,3643.93,Delivered
ORD-000781,20240916,301,272,219,8,1248.43,318.64,42.89,9668.8,Delivered
ORD-000782,20250809,528,846,915,1,1108.35,189.14,10.87,919.21,Delivered
ORD-000783,20220113,631,472,337,2,1403.44,375.77,42.42,2431.11,Shipped
ORD-000784,20231228,10,104,442,10,534.07,0.83,44.51,5339.87,Shipped
ORD-000785,20240925,8,160,788,16,300.33,47.67,44.93,4757.61,Delivered
ORD-000786,20230109,550,832,276,9,343.01,40.68,14.96,3046.41,Delivered
ORD-000787,20260311,445,6,368,4,1484.11,292.2,21.97,5644.24,Shipped
ORD-000788,20231110,923,33,165,7,170.45,14.57,6.68,1178.58,Delivered
ORD-000789,20240928,564,508,820,7,1422.82,409.64,49.15,9550.1,Shipped
ORD-000790,20260228,864,846,399,5,490.71,112.53,44.09,2341.02,Delivered
ORD-000791,20241021,14,786,701,5,169.05,5.47,1.06,839.78,Shipped
ORD-000792,20220117,445,492,297,8,82.8,20.61,21.48,641.79,Delivered
ORD-000793,20241113,192,256,288,10,731.46,166.97,12.39,7147.63,Shipped
ORD-000794,20230211,486,724,802,4,1296.93,386.84,12.37,4800.88,Pending
ORD-000795,20250425,645,650,153,4,1053.21,158.72,9.06,4054.12,Returned
ORD-000796,20221027,437,19,632,8,185.09,22.28,13.69,1458.44,Shipped
ORD-000797,20250721,237,228,345,7,140.95,2.15,20.36,984.5,Delivered
ORD-000798,20230706,373,288,966,14,721.4,110.34,32.19,9989.26,Delivered
ORD-000799,20220102,54,677,763,12,1068.82,79.19,44.76,12746.65,Shipped
ORD-000800,20230114,259,972,504,11,321.91,45.59,45.42,3495.42,Shipped
ORD-000801,20260427,883,134,340,12,504.75,16.89,33.45,6040.11,Delivered
ORD-000802,20240201,244,666,283,12,1113.23,120.69,38.94,13238.07,Delivered
ORD-000803,20250517,124,43,601,7,878.57,22.99,5.32,6127.0,Delivered
ORD-000804,20250621,352,309,743,7,293.43,39.24,4.93,2014.77,Cancelled
ORD-000805,20230128,429,564,729,16,1484.52,89.96,36.04,23662.36,Shipped
ORD-000806,20231213,917,375,460,9,1337.92,304.79,42.3,11736.49,Delivered
ORD-000807,20241028,810,23,171,4,1366.72,27.76,20.95,5439.12,Cancelled
ORD-000808,20220505,814,996,711,20,414.85,120.41,14.48,8176.59,Returned
ORD-000809,20220603,170,449,769,7,1112.37,132.65,34.23,7653.94,Cancelled
ORD-000810,20230112,4,164,586,17,579.3,135.45,20.04,9712.65,Delivered
ORD-000811,20241028,725,738,538,7,890.21,2.37,46.43,6229.1,Delivered
ORD-000812,20221217,230,47,547,9,458.6,30.31,35.41,4097.09,Delivered
ORD-000813,20220930,277,895,810,8,441.31,84.68,47.1,3445.8,Delivered
ORD-000814,20220103,665,356,648,2,965.41,72.12,41.17,1858.7,Delivered
ORD-000815,20230625,740,137,419,20,1458.47,142.01,47.32,29027.39,Cancelled
ORD-000816,20231230,225,749,989,20,445.87,131.79,31.3,8785.61,Shipped
ORD-000817,20260513,962,800,598,9,269.22,78.47,26.87,2344.51,Returned
ORD-000818,20250706,650,619,565,4,1085.29,224.04,47.28,4117.12,Delivered
ORD-000819,20260713,879,771,405,7,1226.19,81.16,13.44,8502.17,Delivered
ORD-000820,20240908,96,508,186,5,671.85,147.1,21.7,3212.15,Shipped
ORD-000821,20260202,185,664,289,15,281.62,72.86,9.44,4151.44,Delivered
ORD-000822,20230120,72,147,74,1,468.69,124.47,40.87,344.22,Delivered
ORD-000823,20241214,141,745,769,14,371.65,101.36,48.52,5101.74,Shipped
ORD-000824,20260413,851,660,958,1,906.92,102.81,1.04,804.11,Pending
ORD-000825,20250513,14,812,990,2,202.61,46.81,13.38,358.41,Cancelled
ORD-000826,20251219,88,208,143,1,1436.64,45.83,36.81,1390.81,Delivered
ORD-000827,20240907,159,250,58,16,1140.71,305.39,40.77,17945.97,Delivered
ORD-000828,20220730,558,304,106,18,1039.6,195.7,6.15,18517.1,Pending
ORD-000829,20230410,438,395,151,17,1330.25,165.73,0.06,22448.52,Shipped
ORD-000830,20260104,843,924,116,12,984.77,66.73,43.95,11750.51,Delivered
ORD-000831,20240102,79,631,342,16,258.49,8.54,5.09,4127.3,Returned
ORD-000832,20221106,183,439,544,4,543.94,150.89,4.24,2024.87,Shipped
ORD-000833,20230910,640,838,294,11,901.42,183.74,7.51,9731.88,Delivered
ORD-000834,20230628,831,929,729,12,1313.73,106.84,24.96,15657.92,Delivered
ORD-000835,20221028,328,152,400,3,1184.34,306.17,48.9,3246.85,Pending
ORD-000836,20250329,438,983,745,15,1083.41,255.32,23.92,15995.83,Shipped
ORD-000837,20231224,327,507,435,9,221.28,21.45,6.38,1970.07,Pending
ORD-000838,20260701,967,670,944,16,1041.66,129.36,39.68,16537.2,Delivered
ORD-000839,20250103,842,236,394,8,577.86,95.23,26.94,4527.65,Delivered
ORD-000840,20260313,225,720,90,3,873.54,110.55,28.89,2510.07,Delivered
ORD-000841,20240828,981,137,944,8,545.76,33.28,42.53,4332.8,Delivered
ORD-000842,20260805,143,302,472,4,94.07,9.86,42.44,366.42,Cancelled
ORD-000843,20230308,848,230,58,5,1253.7,207.42,46.57,6061.08,Delivered
ORD-000844,20251126,989,435,381,5,180.27,37.63,7.15,863.72,Delivered
ORD-000845,20221120,31,151,375,2,1053.6,209.48,3.69,1897.72,Pending
ORD-000846,20221103,784,187,482,5,123.09,2.85,28.46,612.6,Pending
ORD-000847,20231122,455,801,661,5,1123.42,235.43,14.98,5381.67,Delivered
ORD-000848,20260319,178,516,165,1,433.72,20.28,44.06,413.44,Shipped
ORD-000849,20251227,850,265,942,1,597.6,75.95,47.41,521.65,Delivered
ORD-000850,20220708,535,387,974,19,755.3,160.73,21.18,14189.97,Shipped
ORD-000851,20260812,764,1000,573,5,1115.99,134.05,2.8,5445.9,Delivered
ORD-000852,20250807,415,848,390,20,1263.36,309.48,23.42,24957.72,Delivered
ORD-000853,20220802,80,372,618,6,86.73,9.67,21.21,510.71,Delivered
ORD-000854,20250507,12,775,932,11,46.93,3.97,27.08,512.26,Shipped
ORD-000855,20220624,584,579,46,10,285.68,17.29,46.46,2839.51,Shipped
ORD-000856,20230925,9,366,770,19,1479.81,214.78,2.4,27901.61,Shipped
ORD-000857,20231230,998,133,720,10,1438.31,215.84,15.72,14167.26,Delivered
ORD-000858,20260507,154,25,602,4,500.32,134.56,25.18,1866.72,Delivered
ORD-000859,20251029,475,81,907,13,718.04,187.15,1.87,9147.37,Shipped
ORD-000860,20221016,788,736,165,3,1429.46,99.31,10.78,4189.07,Delivered
ORD-000861,20231201,459,805,135,17,776.87,169.84,32.57,13036.95,Cancelled
ORD-000862,20251230,793,700,397,11,439.81,82.26,47.01,4755.65,Shipped
ORD-000863,20250709,510,100,825,8,317.19,58.08,3.75,2479.44,Shipped
ORD-000864,20260520,917,90,511,1,218.22,56.99,27.36,161.23,Returned
ORD-000865,20250326,373,362,92,4,684.94,34.87,14.78,2704.89,Shipped
ORD-000866,20230609,782,898,453,3,272.88,63.19,12.9,755.45,Delivered
ORD-000867,20230811,411,419,878,5,1410.05,411.04,24.41,6639.21,Delivered
ORD-000868,20231005,383,86,699,20,1376.12,53.25,18.34,27469.15,Pending
ORD-000869,20250625,660,59,759,14,761.38,60.03,43.78,10599.29,Delivered
ORD-000870,20240209,163,584,409,8,1051.12,176.84,7.73,8232.12,Shipped
ORD-000871,20240817,658,548,922,3,338.46,88.76,33.46,926.62,Delivered
ORD-000872,20240323,787,444,205,15,168.13,9.09,5.42,2512.86,Returned
ORD-000873,20251209,760,488,118,13,496.44,47.25,49.82,6406.47,Delivered
ORD-000874,20230314,328,582,33,9,684.6,111.95,47.43,6049.45,Shipped
ORD-000875,20240827,219,56,217,20,1162.44,21.76,40.43,23227.04,Pending
ORD-000876,20220621,146,71,281,1,1429.2,293.13,13.49,1136.07,Delivered
ORD-000877,20230315,686,915,266,13,127.16,33.33,22.57,1619.75,Delivered
ORD-000878,20260323,305,169,204,6,1246.67,34.57,45.08,7445.45,Delivered
ORD-000879,20251127,448,364,935,12,1413.2,204.19,26.78,16754.21,Pending
ORD-000880,20220609,741,684,593,19,586.76,1.75,39.15,11146.69,Delivered
ORD-000881,20260818,755,751,325,20,221.2,44.07,41.18,4379.93,Delivered
ORD-000882,20220821,812,994,691,1,230.01,31.65,7.37,198.36,Cancelled
ORD-000883,20220915,650,461,655,14,397.89,86.22,49.41,5484.24,Cancelled
ORD-000884,20250123,793,171,616,19,150.68,9.88,48.95,2853.04,Delivered
ORD-000885,20220130,380,834,373,13,328.13,20.65,9.56,4245.04,Delivered
ORD-000886,20241019,665,467,424,1,456.41,42.03,40.95,414.38,Shipped
ORD-000887,20231119,117,949,181,14,530.83,131.89,21.29,7299.73,Returned
ORD-000888,20240221,292,866,676,15,645.43,34.25,29.74,9647.2,Delivered
ORD-000889,20220723,90,826,858,14,952.99,200.73,46.9,13141.13,Cancelled
ORD-000890,20260316,770,639,950,4,139.01,0.69,46.62,555.35,Shipped
ORD-000891,20230817,873,431,217,18,154.05,20.52,29.06,2752.38,Shipped
ORD-000892,20220912,360,991,813,8,1166.44,193.02,5.73,9138.5,Cancelled
ORD-000893,20220116,963,384,801,15,622.34,153.17,35.19,9181.93,Delivered
ORD-000894,20260617,932,425,690,8,763.8,61.32,32.93,6049.08,Delivered
ORD-000895,20260607,384,861,837,8,11.22,3.06,1.63,86.7,Shipped
ORD-000896,20240530,248,570,997,17,1230.95,221.55,16.75,20704.6,Returned
ORD-000897,20250329,440,132,962,13,293.03,56.65,41.43,3752.74,Pending
ORD-000898,20240614,237,102,728,13,1466.15,76.41,45.21,18983.54,Delivered
ORD-000899,20250708,939,267,858,5,758.86,143.75,39.21,3650.55,Pending
ORD-000900,20220124,644,789,608,18,242.78,23.48,4.66,4346.56,Shipped
ORD-000901,20240223,26,761,752,5,46.59,9.89,46.03,223.06,Shipped
ORD-000902,20250829,920,228,305,5,1475.2,280.79,38.88,7095.21,Shipped
ORD-000903,20260427,267,676,53,7,805.45,59.26,39.0,5578.89,Pending
ORD-000904,20220731,114,471,950,9,129.03,5.57,1.16,1155.7,Returned
ORD-000905,20220608,507,865,371,20,188.41,8.02,13.1,3760.18,Shipped
ORD-000906,20250705,79,216,704,7,589.25,86.8,1.1,4037.95,Shipped
ORD-000907,20230104,306,11,926,14,566.01,53.25,45.42,7870.89,Pending
ORD-000908,20231204,356,496,629,6,991.2,187.7,42.74,5759.5,Shipped
ORD-000909,20230130,621,31,549,20,821.99,39.06,37.08,16400.74,Cancelled
ORD-000910,20230321,31,336,142,1,779.4,177.93,10.82,601.47,Delivered
ORD-000911,20230213,977,95,357,8,129.75,26.92,6.33,1011.08,Delivered
ORD-000912,20240330,945,198,257,18,979.63,137.26,40.45,17496.08,Delivered
ORD-000913,20220730,598,813,785,6,300.83,76.35,35.87,1728.63,Returned
ORD-000914,20240702,434,611,766,19,470.82,112.16,47.69,8833.42,Delivered
ORD-000915,20250307,362,383,920,9,1224.76,228.87,30.36,10793.97,Delivered
ORD-000916,20240419,301,619,847,3,676.86,180.61,47.9,1849.97,Delivered
ORD-000917,20260608,191,367,252,17,531.62,4.78,9.0,9032.76,Delivered
ORD-000918,20220120,327,705,12,3,326.7,36.43,7.25,943.67,Delivered
ORD-000919,20220516,395,291,617,11,324.59,55.26,16.08,3515.23,Shipped
ORD-000920,20260712,881,688,77,7,793.26,24.49,13.9,5528.33,Delivered
ORD-000921,20231018,203,202,51,19,1339.53,169.48,37.81,25281.59,Delivered
ORD-000922,20221217,616,335,606,16,750.48,222.95,21.06,11784.73,Shipped
ORD-000923,20250325,5,934,473,13,358.45,2.29,0.89,4657.56,Pending
ORD-000924,20241216,41,346,661,10,200.93,58.28,1.85,1951.02,Delivered
ORD-000925,20230717,325,772,355,1,108.83,3.11,40.13,105.72,Delivered
ORD-000926,20230904,714,466,506,13,124.25,28.87,24.69,1586.38,Shipped
ORD-000927,20260818,11,143,108,4,1265.4,355.97,5.14,4705.63,Shipped
ORD-000928,20260122,924,832,378,11,1292.78,280.89,11.32,13939.69,Shipped
ORD-000929,20260527,45,114,50,18,1484.4,415.98,43.4,26303.22,Delivered
ORD-000930,20230707,716,175,948,10,117.19,11.58,30.64,1160.32,Pending
ORD-000931,20250411,910,871,990,5,877.26,31.56,15.97,4354.74,Shipped
ORD-000932,20240905,678,502,1000,14,957.17,191.88,26.09,13208.5,Shipped
ORD-000933,20230830,729,85,362,9,486.26,106.62,11.29,4269.72,Delivered
ORD-000934,20251124,80,77,996,18,1254.14,91.19,32.36,22483.33,Cancelled
ORD-000935,20230120,500,108,349,16,95.1,0.37,10.81,1521.23,Pending
ORD-000936,20231001,726,465,672,7,1221.92,279.19,25.7,8274.25,Delivered
ORD-000937,20240229,999,464,889,5,1272.47,40.33,6.5,6322.02,Cancelled
ORD-000938,20221203,703,315,975,20,772.63,180.8,9.4,15271.8,Delivered
ORD-000939,20230508,17,916,472,19,974.33,43.05,43.81,18469.22,Delivered
ORD-000940,20220831,950,564,87,6,403.8,57.69,26.54,2365.11,Delivered
ORD-000941,20220419,452,280,379,12,650.05,29.37,25.11,7771.23,Delivered
ORD-000942,20230123,413,181,609,4,78.46,9.0,46.4,304.84,Shipped
ORD-000943,20250816,255,982,114,9,796.7,117.98,21.68,7052.32,Delivered
ORD-000944,20241225,104,283,232,8,177.21,47.58,28.76,1370.1,Shipped
ORD-000945,20260815,901,709,275,20,1050.77,127.53,19.64,20887.87,Shipped
ORD-000946,20250506,295,752,4,16,312.53,73.67,17.38,4926.81,Delivered
ORD-000947,20251109,245,175,323,4,281.69,76.71,31.11,1050.05,Delivered
ORD-000948,20250926,486,439,343,3,254.13,25.32,22.76,737.07,Returned
ORD-000949,20220120,609,361,993,1,270.39,21.4,3.85,248.99,Delivered
ORD-000950,20260805,18,581,697,16,876.82,128.45,12.38,13900.67,Shipped
ORD-000951,20220712,103,312,824,10,1253.86,197.58,8.37,12341.02,Shipped
ORD-000952,20240923,260,374,470,11,681.66,150.27,49.49,7347.99,Delivered
ORD-000953,20250921,878,886,924,1,1242.49,112.25,16.69,1130.24,Delivered
ORD-000954,20221030,421,877,226,20,729.11,59.04,25.97,14523.16,Delivered
ORD-000955,20240601,369,212,763,5,539.01,5.0,28.88,2690.05,Delivered
ORD-000956,20250707,696,558,921,3,294.79,84.44,31.94,799.93,Returned
ORD-000957,20231216,910,340,401,15,1481.06,389.26,8.75,21826.64,Cancelled
ORD-000958,20241201,719,352,855,19,628.85,187.51,15.47,11760.64,Shipped
ORD-000959,20231212,296,113,993,20,188.83,45.05,28.33,3731.55,Pending
ORD-000960,20230817,639,572,681,1,750.9,154.43,23.32,596.47,Shipped
ORD-000961,20220325,223,290,846,6,458.95,39.69,39.99,2714.01,Shipped
ORD-000962,20220102,52,258,142,19,189.54,27.77,0.25,3573.49,Delivered
ORD-000963,20250222,159,977,89,12,1318.69,310.66,25.1,15513.62,Returned
ORD-000964,20230819,225,33,485,9,218.25,48.0,21.6,1916.25,Cancelled
ORD-000965,20220720,915,268,943,12,376.85,76.71,19.31,4445.49,Delivered
ORD-000966,20260706,593,143,700,10,897.57,46.67,21.79,8929.03,Cancelled
ORD-000967,20230901,581,950,644,7,378.78,47.31,9.98,2604.15,Delivered
ORD-000968,20221011,540,453,711,15,821.02,92.6,43.8,12222.7,Delivered
ORD-000969,20240813,431,985,421,11,758.2,155.85,17.88,8184.35,Delivered
ORD-000970,20260328,144,630,929,15,46.37,7.77,47.87,687.78,Delivered
ORD-000971,20250304,899,301,55,10,1181.01,205.61,18.66,11604.49,Delivered
ORD-000972,20241126,472,860,56,13,193.27,38.85,23.14,2473.66,Pending
ORD-000973,20220719,842,298,580,3,86.77,21.6,32.49,238.71,Delivered
ORD-000974,20241112,758,735,55,16,1037.44,269.0,6.07,16330.04,Delivered
ORD-000975,20251015,656,873,159,7,776.81,130.98,48.36,5306.69,Shipped
ORD-000976,20250701,705,206,118,10,944.22,203.71,46.83,9238.49,Pending
ORD-000977,20230223,107,486,26,3,5.05,0.91,6.05,14.24,Shipped
ORD-000978,20230112,840,241,862,17,668.5,11.16,6.09,11353.34,Delivered
ORD-000979,20220910,443,150,652,18,394.11,72.45,21.96,7021.53,Delivered
ORD-000980,20260227,717,560,206,1,281.29,69.07,32.87,212.22,Shipped
ORD-000981,20240123,684,282,401,16,723.3,62.81,5.0,11509.99,Delivered
ORD-000982,20220227,291,469,124,13,1047.99,33.75,20.84,13590.12,Delivered
ORD-000983,20250907,635,456,44,19,587.2,102.27,1.7,11054.53,Delivered
ORD-000984,20221121,367,513,877,12,1444.38,202.75,36.15,17129.81,Delivered
ORD-000985,20221224,672,156,361,17,320.12,86.68,26.25,5355.36,Delivered
ORD-000986,20260411,675,311,946,19,512.24,109.9,39.33,9622.66,Delivered
ORD-000987,20250525,675,185,590,13,106.97,26.93,24.19,1363.68,Returned
ORD-000988,20250404,357,599,633,17,1164.22,183.52,6.47,19608.22,Delivered
ORD-000989,20250924,109,512,957,13,106.02,0.94,36.64,1377.32,Shipped
ORD-000990,20260618,243,108,922,16,488.87,33.96,38.59,7787.96,Cancelled
ORD-000991,20220507,627,257,118,6,1093.6,126.01,48.67,6435.59,Cancelled
ORD-000992,20220302,946,179,329,2,1270.97,27.79,38.17,2514.15,Delivered
ORD-000993,20230214,201,259,503,4,1049.59,118.91,49.44,4079.45,Delivered
ORD-000994,20241218,829,809,197,15,1019.88,68.99,37.11,15229.21,Delivered
ORD-000995,20260717,144,915,6,3,875.25,165.19,33.43,2460.56,Shipped
ORD-000996,20251029,748,981,933,12,1162.71,198.23,43.22,13754.29,Delivered
ORD-000997,20231223,366,634,922,17,746.78,186.49,28.52,12508.77,Delivered
ORD-000998,20220526,583,81,131,18,1280.87,308.02,21.94,22747.64,Delivered
ORD-000999,20231109,24,230,842,17,450.85,15.95,11.53,7648.5,Delivered
ORD-001000,20221120,992,295,77,10,1383.8,104.36,35.16,13733.64,Shipped
